"0","2014-11-19-11.24.34","のんのんびより","あふぁｈふぉあふぁｆ　あｆっはｆはｆ　あっふぁｈｆはｆだ　ふぁｆはふぁｆｓｄｓ"
"1","2014-11-19-11.24.37","のんのんびより","あふぁｈふぉあふぁｆ　あｆっはｆはｆ　あっふぁｈｆはｆだ　ふぁｆはふぁｆｓｄｓ"
"2","2014-11-19-11.24.40","のんのんびより","あふぁｈふぉあふぁｆ　あｆっはｆはｆ　あっふぁｈｆはｆだ　ふぁｆはふぁｆｓｄｓ"
"3","2014-11-19-11.24.43","のんのんびより","あふぁｈふぉあふぁｆ　あｆっはｆはｆ　あっふぁｈｆはｆだ　ふぁｆはふぁｆｓｄｓ"
"4","2014-11-19-11.24.46","のんのんびより","あふぁｈふぉあふぁｆ　あｆっはｆはｆ　あっふぁｈｆはｆだ　ふぁｆはふぁｆｓｄｓ"
"5","2014-11-19-11.24.49","のんのんびより","あふぁｈふぉあふぁｆ　あｆっはｆはｆ　あっふぁｈｆはｆだ　ふぁｆはふぁｆｓｄｓ"
"6","2014-11-19-11.24.52","のんのんびより","あふぁｈふぉあふぁｆ　あｆっはｆはｆ　あっふぁｈｆはｆだ　ふぁｆはふぁｆｓｄｓ"
"7","2014-11-19-11.24.55","のんのんびより","あふぁｈふぉあふぁｆ　あｆっはｆはｆ　あっふぁｈｆはｆだ　ふぁｆはふぁｆｓｄｓ"
"8","2014-11-19-11.24.58","のんのんびより","あふぁｈふぉあふぁｆ　あｆっはｆはｆ　あっふぁｈｆはｆだ　ふぁｆはふぁｆｓｄｓ"
"9","2014-11-19-11.25.01","のんのんびより","あふぁｈふぉあふぁｆ　あｆっはｆはｆ　あっふぁｈｆはｆだ　ふぁｆはふぁｆｓｄｓ"
"10","2014-11-19-11.25.04","のんのんびより","あふぁｈふぉあふぁｆ　あｆっはｆはｆ　あっふぁｈｆはｆだ　ふぁｆはふぁｆｓｄｓ"
"11","2014-11-19-11.25.07","のんのんびより","あふぁｈふぉあふぁｆ　あｆっはｆはｆ　あっふぁｈｆはｆだ　ふぁｆはふぁｆｓｄｓ"
"12","2014-11-19-11.25.10","のんのんびより","あふぁｈふぉあふぁｆ　あｆっはｆはｆ　あっふぁｈｆはｆだ　ふぁｆはふぁｆｓｄｓ"
"13","2014-11-19-11.25.13","のんのんびより","あふぁｈふぉあふぁｆ　あｆっはｆはｆ　あっふぁｈｆはｆだ　ふぁｆはふぁｆｓｄｓ"
"14","2014-11-19-11.25.16","のんのんびより","あふぁｈふぉあふぁｆ　あｆっはｆはｆ　あっふぁｈｆはｆだ　ふぁｆはふぁｆｓｄｓ"
"15","2014-11-19-11.25.19","のんのんびより","あふぁｈふぉあふぁｆ　あｆっはｆはｆ　あっふぁｈｆはｆだ　ふぁｆはふぁｆｓｄｓ"
"16","2014-11-19-11.25.22","のんのんびより","あふぁｈふぉあふぁｆ　あｆっはｆはｆ　あっふぁｈｆはｆだ　ふぁｆはふぁｆｓｄｓ"
"17","2014-11-19-11.25.25","のんのんびより","あふぁｈふぉあふぁｆ　あｆっはｆはｆ　あっふぁｈｆはｆだ　ふぁｆはふぁｆｓｄｓ"
"18","2014-11-19-11.25.28","のんのんびより","あふぁｈふぉあふぁｆ　あｆっはｆはｆ　あっふぁｈｆはｆだ　ふぁｆはふぁｆｓｄｓ"
"19","2014-11-19-11.25.31","のんのんびより","あふぁｈふぉあふぁｆ　あｆっはｆはｆ　あっふぁｈｆはｆだ　ふぁｆはふぁｆｓｄｓ"
"20","2014-11-19-11.25.34","のんのんびより","あふぁｈふぉあふぁｆ　あｆっはｆはｆ　あっふぁｈｆはｆだ　ふぁｆはふぁｆｓｄｓ"
"21","2014-11-19-11.25.37","のんのんびより","あふぁｈふぉあふぁｆ　あｆっはｆはｆ　あっふぁｈｆはｆだ　ふぁｆはふぁｆｓｄｓ"
"22","2014-11-19-11.25.40","のんのんびより","あふぁｈふぉあふぁｆ　あｆっはｆはｆ　あっふぁｈｆはｆだ　ふぁｆはふぁｆｓｄｓ"
"23","2014-11-19-11.25.43","のんのんびより","あふぁｈふぉあふぁｆ　あｆっはｆはｆ　あっふぁｈｆはｆだ　ふぁｆはふぁｆｓｄｓ"
"24","2014-11-19-11.25.46","のんのんびより","あふぁｈふぉあふぁｆ　あｆっはｆはｆ　あっふぁｈｆはｆだ　ふぁｆはふぁｆｓｄｓ"
"25","2014-11-19-11.25.49","のんのんびより","あふぁｈふぉあふぁｆ　あｆっはｆはｆ　あっふぁｈｆはｆだ　ふぁｆはふぁｆｓｄｓ"
"26","2014-11-19-11.25.52","のんのんびより","あふぁｈふぉあふぁｆ　あｆっはｆはｆ　あっふぁｈｆはｆだ　ふぁｆはふぁｆｓｄｓ"
"27","2014-11-19-11.25.55","のんのんびより","あふぁｈふぉあふぁｆ　あｆっはｆはｆ　あっふぁｈｆはｆだ　ふぁｆはふぁｆｓｄｓ"
"28","2014-11-19-11.25.58","のんのんびより","あふぁｈふぉあふぁｆ　あｆっはｆはｆ　あっふぁｈｆはｆだ　ふぁｆはふぁｆｓｄｓ"
"29","2014-11-19-11.26.01","のんのんびより","あふぁｈふぉあふぁｆ　あｆっはｆはｆ　あっふぁｈｆはｆだ　ふぁｆはふぁｆｓｄｓ"
